Page,Product,Price
1,Chaz Kangeroo Hoodie,$52
1,Teton Pullover Hoodie,$70
1,Bruno Compete Hoodie,$63
1,Frankie  Sweatshirt,$60
1,Hollister Backyard Sweatshirt,$52
1,Stark Fundamental Hoodie,$42
1,Hero Hoodie,$54
1,Oslo Trek Hoodie,$42
1,Abominable Hoodie,$69
1,Mach Street Sweatshirt,$62
1,Grayson Crewneck Sweatshirt,$64
1,Ajax Full-Zip Sweatshirt,$69
2,Marco Lightweight Active Hoodie,$74
2,Beaumont Summit Kit,$42
2,Hyperion Elements Jacket,$51
2,Montana Wind Jacket,$49
2,Kenobi Trail Jacket,$47
2,Jupiter All-Weather Trainer,$56.99
2,Orion Two-Tone Fitted Jacket,$72
2,Lando Gym Jacket,$99
2,Taurus Elements Shell,$65
2,Mars HeatTech&trade; Pullover,$66
2,Typhon Performance Fleece-lined Jacket,$60
2,Proteus Fitness Jackshirt,$45
3,Caesar Warm-Up Pant,$35
3,Viktor LumaTech&trade; Pant,$46
3,Geo Insulated Jogging Pant,$51
3,Supernova Sport Pant,$45
3,Kratos Gym Pant,$57
3,Mithra Warmup Pant,$28
3,Thorpe Track Pant,$68
3,Zeppelin Yoga Pant,$82
3,Livingston All-Purpose Tight,$75
3,Orestes Yoga Pant,$66
3,Aether Gym Pant,$74
3,Cronus Yoga Pant,$48
4,Aero Daily Fitness Tee,$24
4,Ryker LumaTech&trade; Tee (V-neck),$28
4,Balboa Persistence Tee,$29
4,Gobi HeatTec&reg; Tee,$29
4,Helios EverCool&trade; Tee,$24
4,Zoltan Gym Tee,$29
4,Deion Long-Sleeve EverCool&trade; Tee,$39
4,Strike Endurance Tee,$39
4,Ryker LumaTech&trade; Tee (Crew-neck),$32
4,Logan  HeatTec&reg; Tee,$24
4,Atomic Endurance Running Tee (V-neck),$28
4,Atomic Endurance Running Tee (Crew-Neck),$29
5,Cobalt CoolTech&trade; Fitness Short,$44
5,Apollo Running Short,$32.5
5,Meteor Workout Short,$32.5
5,Torque Power Short,$32.5
5,Hawkeye Yoga Short,$29
5,Lono Yoga Short,$32
5,Rapha  Sports Short,$35
5,Orestes Fitness Short,$35
5,Troy Yoga Short,$24
5,Sol Active Short,$32
5,Arcadio Gym Short,$20
5,Pierce Gym Short,$27
6,Erikssen CoolTech&trade; Fitness Tank,$29
6,Tristan Endurance Tank,$29
6,Primo Endurance Tank,$29
6,Helios Endurance Tank,$32
6,Rocco Gym Tank,$24
6,Vulcan Weightlifting Tank,$28
6,Argus All-Weather Tank,$22
6,Sparta Gym Tank,$29
6,Sinbad Fitness Tank,$29
6,Tiberius Gym Tank,$18
6,Atlas Fitness Tank,$18
6,Cassius Sparring Tank,$18
7,Electra Bra Top,$39
7,Erica Evercool Sports Bra,$39
7,Celeste Sports Bra,$39
7,Prima Compete Bra Top,$24
7,Lucia Cross-Fit Bra,$39
7,Mona Pullover Hoodlie,$57
7,Hera Pullover Hoodie,$48
7,Autumn Pullie,$57
7,Miko Pullover Hoodie,$69
7,Selene Yoga Hoodie,$42
7,Daphne Full-Zip Hoodie,$59
7,Phoebe Zipper Sweatshirt,$59
8,Cassia Funnel Sweatshirt,$48
8,Ariel Roll Sleeve Sweatshirt,$39
8,Helena Hooded Fleece,$55
8,Eos V-Neck Hoodie,$54
8,Circe Hooded Ice Fleece,$68
8,Stellar Solar Jacket,$75
8,Josie Yoga Jacket,$56.25
8,Augusta Pullover Jacket,$57
8,Ingrid Running Jacket,$84
8,Riona Full Zip Jacket,$60
8,Juno Jacket,$77
8,Inez Full Zip Jacket,$59
9,Adrienne Trek Jacket,$57
9,Jade Yoga Jacket,$32
9,Nadia Elements Shell,$69
9,Neve Studio Dance Jacket,$69
9,Olivia 1/4 Zip Light Jacket,$77
9,Karmen Yoga Pant,$39
9,Emma Leggings,$42
9,Ida Workout Parachute Pant,$48
9,Cora Parachute Pant,$75
9,Sahara Leggings,$75
9,Diana Tights,$59
9,Aeon Capri,$48
10,Bardot Capri,$48
10,Carina Basic Capri,$51
10,Daria Bikram Pant,$51
10,Sylvia Capri,$42
10,Deirdre Relaxed-Fit Capri,$63
10,Portia Capri,$49
10,Gwyn Endurance Tee,$24
10,Gabrielle Micro Sleeve Top,$28
10,Iris Workout Top,$29
10,Layla Tee,$29
10,Desiree Fitness Tee,$24
10,Elisa EverCool&trade; Tee,$29
11,Juliana Short-Sleeve Tee,$42
11,Minerva LumaTech&trade; V-Tee,$32
11,Tiffany Fitness Tee,$28
11,Karissa V-Neck Tee,$32
11,Diva Gym Tee,$32
11,Radiant Tee,$22
11,Fiona Fitness Short,$29
11,Maxima Drawstring Short,$28
11,Gwen Drawstring Bike Short,$50
11,Artemis Running Short,$45
11,Bess Yoga Short,$28
11,Angel Light Running Short,$42
12,Echo Fit Compression Short,$24
12,Sybil Running Short,$44
12,Mimi All-Purpose Short,$44
12,Ana Running Short,$40
12,Ina Compression Short,$49
12,Erika Running Short,$49
12,Bella Tank,$29
12,Zoe Tank,$29
12,Nora Practice Tank,$39
12,Nona Fitness Tank,$39
12,Leah Yoga Top,$39
12,Chloe Compete Tank,$39
13,Maya Tunic,$29
13,Antonia Racer Tank,$34
13,Breathe-Easy Tank,$34
